,features
RIMS2_ABCA1,0.19747860457123223
FN1_FLT4,0.14114145131052633
MMP9_TLR9,0.12626348275045526
FGF1_FGFR3,0.10972302911480065
TAC4_TACR2,0.1009431578096095
B2M_HLA-F,0.0777791534634853
WNT1_FZD5,0.07745610571238784
CXCL9_DPP4,0.0671286249507361
TGFB1_SMAD3,0.05036681715575621
LAMA1_RPSA,0.027657444005270086
SPTAN1_PTPRA,0.014093099871880914
LGALS8_ITGA3,0.007254126947221584
EFNA3_EPHB1,0.0014684822447146664
FADD_FAS,0.0012464200919234645
ANGPTL3_ITGAV,0.0
COL1A2_ITGAV,0.0
CALR_ITGAV,0.0
COL4A1_ITGAV,0.0
ADAM15_ITGAV,0.0
VEGFA_ITGAV,0.0
ADAM9_ITGAV,0.0
FN1_ITGAV,0.0
AZGP1_ITGAV,0.0
CP_SLC40A1,0.0
FBN1_ITGAV,0.0
MFGE8_ITGAV,0.0
COL4A3_ITGAV,0.0
FGG_ITGAV,0.0
SPP1_ITGAV,0.0
COL4A4_ITGAV,0.0
ICAM4_ITGAV,0.0
HRAS_TLR2,0.0
SFTPA1_TLR2,0.0
RNASE2_TLR2,0.0
MDK_SORL1,0.0
LRPAP1_SORL1,0.0
APP_SORL1,0.0
L1CAM_ITGAV,0.0
TNC_ITGAV,0.0
PLAU_ITGAV,0.0
EDIL3_ITGAV,0.0
COL4A6_ITGAV,0.0
COL4A5_ITGAV,0.0
IGFBP4_LRP6,0.0
NID1_ITGAV,0.0
PDGFB_ITGAV,0.0
SOSTDC1_LRP6,0.0
SEMA3F_PLXNA3,0.0
RSPO1_LRP6,0.0
PDGFC_FLT4,0.0
TNF_FLT4,0.0
VEGFD_FLT4,0.0
COL1A2_FLT4,0.0
ADCYAP1_VIPR2,0.0
VIP_VIPR2,0.0
LGALS3BP_CD33,0.0
IL12A_IL12RB2,0.0
ASIP_MGRN1,0.0
F2_ITGA2B,0.0
ICAM4_ITGA2B,0.0
CALR_ITGA2B,0.0
FGG_ITGA2B,0.0
COL2A1_ITGA2B,0.0
COL1A2_ITGA2B,0.0
FN1_ITGA2B,0.0
CALM1_GLP2R,0.0
SEMA6D_TYROBP,0.0
VEGFC_FLT4,0.0
PDGFA_PDGFRB,0.0
WNT1_LRP6,0.0
MFGE8_PDGFRB,0.0
RSPO3_LRP6,0.0
VCAN_TLR2,0.0
WNT2_LRP6,0.0
APP_LRP6,0.0
CKLF_LRP6,0.0
WNT5A_LRP6,0.0
DKK1_LRP6,0.0
DKK2_LRP6,0.0
WNT3A_LRP6,0.0
DSC3_DSG2,0.0
DSC2_DSG2,0.0
TNFSF13B_TNFRSF13B,0.0
TNFSF13_TNFRSF13B,0.0
SAA1_SCARB1,0.0
PDGFC_PDGFRB,0.0
PDGFB_PDGFRB,0.0
PDGFD_PDGFRB,0.0
ZG16B_TLR2,0.0
HSP90B1_TLR2,0.0
SAA1_TLR2,0.0
AGT_MAS1,0.0
CCL8_ACKR4,0.0
S100A9_CD68,0.0
S100A8_CD68,0.0
PDGFB_ART1,0.0
HLA-A_LILRA1,0.0
HLA-C_LILRA1,0.0
HLA-B_LILRA1,0.0
AFDN_NECTIN2,0.0
ADCYAP1_RAMP2,0.0
ADM_RAMP1,0.0
CALCA_RAMP2,0.0
ADM_RAMP2,0.0
VIP_RAMP2,0.0
ADM2_RAMP2,0.0
PTHLH_RAMP2,0.0
POMC_RAMP2,0.0
RLN2_RAMP2,0.0
INSL3_RAMP2,0.0
CCL19_ACKR4,0.0
CXCL13_ACKR4,0.0
CCL7_ACKR4,0.0
CCL25_ACKR4,0.0
IGFL3_IGFLR1,0.0
CCL21_CCR7,0.0
CCL19_CCR7,0.0
HLA-B_CANX,0.0
TNFSF4_TRAF2,0.0
TNF_TRAF2,0.0
FADD_TRAF2,0.0
GSTP1_TRAF2,0.0
F2_F2RL3,0.0
PMCH_MCHR1,0.0
GAL_GALR3,0.0
NTNG2_LRRC4,0.0
WNT4_SMO,0.0
BMP2_SMO,0.0
SHH_SMO,0.0
CCL11_ACKR4,0.0
CCL21_ACKR4,0.0
CALCA_RAMP1,0.0
VIP_RAMP1,0.0
BGN_TLR2,0.0
CALM1_MIP,0.0
DSC2_DSG1,0.0
DSC1_DSG1,0.0
PDGFC_PDGFRA,0.0
PDGFB_PDGFRA,0.0
PDGFD_PDGFRA,0.0
PDGFA_PDGFRA,0.0
LAMA1_NT5E,0.0
FN1_NT5E,0.0
NMB_NMBR,0.0
ADM2_RAMP1,0.0
EDA_EDAR,0.0
SEMA7A_PLXNC1,0.0
LTA_RIPK1,0.0
TNF_RIPK1,0.0
CD14_RIPK1,0.0
CALR_HLA-F,0.0
HMGB1_TLR2,0.0
CALM1_TRPC5,0.0
DSC3_DSG1,0.0
DSC1_DSG3,0.0
DSC3_DSG3,0.0
GNAI2_MTNR1B,0.0
NMU_NMUR2,0.0
ARF1_CHRM3,0.0
VEGFC_LYVE1,0.0
PCSK9_SORT1,0.0
NGF_SORT1,0.0
LRPAP1_SORT1,0.0
BDNF_SORT1,0.0
PSAP_SORT1,0.0
DLK1_NOTCH2,0.0
DLL1_NOTCH2,0.0
MFNG_NOTCH2,0.0
PSEN1_NOTCH2,0.0
ADAM10_NOTCH2,0.0
APP_NOTCH2,0.0
JAG2_NOTCH2,0.0
NGF_KIDINS220,0.0
HDC_HRH4,0.0
CALM2_TRPC5,0.0
CALR_SCARF1,0.0
CALM3_TRPC5,0.0
NLGN3_NRXN2,0.0
CNTN2_NRP1,0.0
VEGFA_NRP1,0.0
FGF7_NRP1,0.0
NXPH1_NRXN2,0.0
NLGN2_NRXN2,0.0
NXPH3_NRXN2,0.0
AFDN_NRXN2,0.0
NLGN1_NRXN2,0.0
CALM2_CACNA1C,0.0
VEGFC_ITGA9,0.0
NCAM1_CACNA1C,0.0
RIMS1_CACNA1C,0.0
CALM1_CACNA1C,0.0
CALM3_CACNA1C,0.0
RSPO3_LGR5,0.0
RSPO1_LGR5,0.0
WNT3A_LGR5,0.0
VCAM1_ITGB7,0.0
FGF1_NRP1,0.0
SEMA4A_NRP1,0.0
SEMA3E_NRP1,0.0
PGF_NRP1,0.0
SPP1_ITGA9,0.0
F13A1_ITGA9,0.0
VEGFD_ITGA9,0.0
ADAM12_ITGA9,0.0
VCAM1_ITGA9,0.0
TGM2_ITGA9,0.0
VEGFA_ITGA9,0.0
CSF2_ITGA9,0.0
ADAM15_ITGA9,0.0
FN1_ITGA9,0.0
OSTN_NPR3,0.0
VIP_NPR3,0.0
NPPA_NPR3,0.0
AGT_ENPEP,0.0
VEGFB_NRP1,0.0
SEMA3D_NRP1,0.0
SEMA3B_NRP1,0.0
FN1_ITGB7,0.0
NRG3_ERBB3,0.0
NRG1_ERBB3,0.0
TGFA_ERBB2,0.0
HSP90AA1_ERBB2,0.0
BTC_ERBB2,0.0
IFNA5_IFNAR1,0.0
IFNB1_IFNAR1,0.0
IFNE_IFNAR1,0.0
MMP9_IFNAR1,0.0
IL24_IL22RA1,0.0
TNF_CELSR2,0.0
SYK_FCGR2A,0.0
CXCL9_FCGR2A,0.0
PTHLH_PTH2R,0.0
CALM1_PTH2R,0.0
CXCL12_ACKR3,0.0
CXCL11_ACKR3,0.0
NRTN_GFRA3,0.0
GDNF_GFRA3,0.0
ARTN_GFRA3,0.0
NRG2_ERBB2,0.0
L1CAM_ERBB2,0.0
AREG_ERBB3,0.0
HSP90B1_ERBB2,0.0
L1CAM_ERBB3,0.0
TGFA_ERBB3,0.0
NRG2_ERBB3,0.0
BTC_ERBB3,0.0
GPC3_IGF1R,0.0
IGF2_IGF1R,0.0
GNAI2_IGF1R,0.0
IGF1_IGF1R,0.0
CAMP_IGF1R,0.0
HSP90B1_ASGR1,0.0
HP_ASGR1,0.0
S100A4_ERBB2,0.0
NRG3_ERBB2,0.0
SEMA4D_ERBB2,0.0
NRG1_ERBB2,0.0
HLA-A_ERBB2,0.0
NRG4_ERBB2,0.0
PLG_ITGA9,0.0
TNC_ITGA9,0.0
CALM1_KCNN4,0.0
CD34_SELP,0.0
BMP7_ACVR1,0.0
INHBB_ACVR1,0.0
BMP2_ACVR1,0.0
BMP6_ACVR1,0.0
TGFB2_ACVR1,0.0
GPC3_CD81,0.0
CD99_CD81,0.0
VCAN_SELP,0.0
SERPING1_SELP,0.0
RTN4_CNTNAP1,0.0
GAS6_TYRO3,0.0
PROS1_TYRO3,0.0
VEGFA_TYRO3,0.0
MDK_LRP2,0.0
PLAU_LRP2,0.0
LRPAP1_LRP2,0.0
ARPC5_LRP2,0.0
AGT_LRP2,0.0
INHBC_ACVR1,0.0
PCSK9_APLP2,0.0
HLA-A_APLP2,0.0
APP_APLP2,0.0
ASIP_ATRN,0.0
GNAI2_S1PR4,0.0
ARF1_PLD2,0.0
EGF_PLD2,0.0
HRAS_GRIN2D,0.0
IL16_GRIN2D,0.0
HSPA1A_GRIN2D,0.0
IL27_IL27RA,0.0
DLK1_NOTCH3,0.0
DLL1_NOTCH3,0.0
PSEN1_NOTCH3,0.0
THBS2_NOTCH3,0.0
SCGB3A1_NOTCH3,0.0
JAG2_NOTCH3,0.0
CTF1_LIFR,0.0
CLCF1_LIFR,0.0
CNTF_LIFR,0.0
ALB_LRP2,0.0
APOA2_LRP2,0.0
AGRN_LRP2,0.0
CXCL8_KDR,0.0
VEGFA_KDR,0.0
TNFSF12_TNFRSF8,0.0
AFDN_NECTIN1,0.0
WNT5A_MCAM,0.0
LAMA1_GPC1,0.0
BMP2_GPC1,0.0
SLIT1_GPC1,0.0
NRG1_GPC1,0.0
APP_GPC1,0.0
SERPINC1_GPC1,0.0
COL18A1_GPC1,0.0
SLIT2_GPC1,0.0
SHH_GPC1,0.0
VEGFA_GPC1,0.0
CD274_CD80,0.0
IL18_IL1RL2,0.0
IL18_IL18RAP,0.0
COL18A1_KDR,0.0
SEMA6D_KDR,0.0
GPC3_LRP2,0.0
TIMP3_KDR,0.0
TF_LRP2,0.0
LPA_LRP2,0.0
EGF_LRP2,0.0
CUBN_LRP2,0.0
HSPA8_LRP2,0.0
APOC2_LRP2,0.0
HSPG2_LRP2,0.0
LPL_LRP2,0.0
WNT5A_LRP2,0.0
SHH_LRP2,0.0
LCN2_LRP2,0.0
ACTR2_LRP2,0.0
LEP_LRP2,0.0
PDGFC_KDR,0.0
VEGFC_KDR,0.0
GREM1_KDR,0.0
VEGFD_KDR,0.0
IGFL2_IGFLR1,0.0
COL4A2_CD93,0.0
C1QA_CD93,0.0
LAMA2_ITGA7,0.0
CCL24_ACKR2,0.0
HRAS_AGTR1,0.0
GDNF_GFRA2,0.0
HLA-G_KLRC1,0.0
EFNA4_EPHA5,0.0
ICAM2_ITGAM,0.0
LRPAP1_LDLR,0.0
HSPA8_LDLR,0.0
ADM_ADCYAP1R1,0.0
ADM_TSHR,0.0
ADM_GPR84,0.0
PTHLH_ADCYAP1R1,0.0
PTHLH_GPR84,0.0
ADCYAP1_ADCYAP1R1,0.0
S100A10_CFTR,0.0
SHANK2_CFTR,0.0
HSP90AA1_CFTR,0.0
CCL24_CCR3,0.0
FGF16_FGFR2,0.0
LAMA3_ITGA3,0.0
HLA-B_CD3G,0.0
POMC_TSHR,0.0
FBLN2_ITGB3,0.0
NXPH1_NRXN1,0.0
NXPH1_NRXN3,0.0
SAA1_FPR2,0.0
SAA1_FPR1,0.0
MDK_ITGA6,0.0
TF_LDLR,0.0
TF_TFR2,0.0
TF_HFE,0.0
ARTN_GFRA2,0.0
PTPN6_CD300LF,0.0
APLN_APLNR,0.0
NLGN1_NRXN3,0.0
C4A_C5AR2,0.0
NTF3_NTRK1,0.0
TNF_FFAR2,0.0
PLAU_ITGA3,0.0
LAMA4_ITGA3,0.0
POMC_MC1R,0.0
APP_CD74,0.0
CXCL12_CD4,0.0
SLPI_CD4,0.0
PIP_CD4,0.0
IL16_CD4,0.0
CPAMD8_SCTR,0.0
ADCYAP1_SCTR,0.0
VIP_SCTR,0.0
CALM1_SCTR,0.0
RTN4_RTN4R,0.0
OMG_RTN4R,0.0
TNFSF13_TNFRSF17,0.0
TNFSF13B_TNFRSF17,0.0
CD70_TNFRSF17,0.0
ST6GAL1_CD22,0.0
HP_CD22,0.0
CALM2_KCNQ1,0.0
CALM1_KCNQ1,0.0
HLA-G_CD4,0.0
S100A4_PGLYRP1,0.0
LAMA2_ITGA3,0.0
FN1_ITGA3,0.0
LAMA1_ITGA3,0.0
NID1_ITGA3,0.0
LAMC3_ITGA3,0.0
THBS1_ITGA3,0.0
CALR_ITGA3,0.0
TIMP2_ITGA3,0.0
RELN_ITGA3,0.0
LAMB2_ITGA3,0.0
COL4A3_ITGA3,0.0
LAMA5_ITGA3,0.0
ADAM9_ITGA3,0.0
LAMC1_ITGA3,0.0
LAMB3_ITGA3,0.0
COL18A1_ITGA3,0.0
VTN_ITGA3,0.0
LAMB1_ITGA3,0.0
LAMC2_ITGA3,0.0
POMC_GPR84,0.0
POMC_ADCYAP1R1,0.0
FASLG_TNFRSF1A,0.0
ACTR2_LDLR,0.0
NDP_LGR4,0.0
CCL7_CCR3,0.0
CCL7_ACKR2,0.0
GDF9_BMPR1B,0.0
BMP2_BMPR1B,0.0
AGRN_ITGB1,0.0
AGRN_ATP1A3,0.0
INSL3_ADCYAP1R1,0.0
INSL3_TSHR,0.0
INSL3_GPR84,0.0
INSL3_RXFP1,0.0
SHBG_CLDN4,0.0
COL2A1_ITGB1,0.0
COL2A1_MAG,0.0
COL2A1_DDR1,0.0
RLN2_ADCYAP1R1,0.0
RLN2_TSHR,0.0
NDP_FZD4,0.0
ANXA1_DYSF,0.0
RLN2_RXFP1,0.0
ANXA1_FPR1,0.0
HSPG2_FGFR1,0.0
COL5A2_ITGB1,0.0
COL5A2_DDR1,0.0
F10_ITGAM,0.0
F10_ITGB2,0.0
SYK_LAT,0.0
COL4A1_ITGB1,0.0
FGF14_FGFR2,0.0
FGF14_FGFR1,0.0
HLA-C_LILRB2,0.0
HLA-C_CD3G,0.0
HLA-C_KIR3DL1,0.0
HLA-E_KLRC2,0.0
HLA-E_KLRD1,0.0
HLA-E_KIR3DL1,0.0
HLA-E_KLRC1,0.0
ANXA1_FPR2,0.0
RLN2_GPR84,0.0
ZG16B_TLR5,0.0
DSCAM_DCC,0.0
SPP1_CD44,0.0
SPP1_ITGB3,0.0
LGALS9_CD44,0.0
LGALS9_SLC1A5,0.0
ADM2_ADCYAP1R1,0.0
ADM2_CALCRL,0.0
ADM2_TSHR,0.0
ADM2_GPR84,0.0
CXCL12_ITGB1,0.0
CXCL12_CXCR4,0.0
BMP7_BMPR1B,0.0
COL4A3_ITGB3,0.0
COL4A4_ITGB3,0.0
HLA-A_CD3G,0.0
CNTN4_PTPRG,0.0
TCTN1_TMEM67,0.0
PDCD1LG2_PDCD2,0.0
TNFSF11_TNFRSF11A,0.0
SPP1_ITGB1,0.0
SPP1_ITGA4,0.0
ZG16B_CXCR4,0.0
CCL26_CCR3,0.0
FGF9_FGFR2,0.0
FGF9_FGFR1,0.0
SEMA5A_PLXNB3,0.0
RPH3A_NRXN1,0.0
LAMA1_ITGA6,0.0
LAMA1_ITGA7,0.0
LAMA1_ITGB1,0.0
CCL25_ACKR2,0.0
LAMB3_CD151,0.0
LAMB3_ITGB1,0.0
LAMB3_ITGA6,0.0
AFDN_EPHB6,0.0
AFDN_NRXN3,0.0
AFDN_NECTIN3,0.0
CCL8_CCR3,0.0
CCL8_ACKR2,0.0
COL4A6_ITGB1,0.0
CALM3_KCNQ1,0.0
LTA_TNFRSF1A,0.0
COL4A1_CD93,0.0
INHBE_ACVR2A,0.0
BMP6_ACVR2A,0.0
GDF11_ACVR2A,0.0
FLT3LG_FLT3,0.0
ADCYAP1_RAMP3,0.0
CALCA_RAMP3,0.0
ADM_RAMP3,0.0
VIP_RAMP3,0.0
ADM2_RAMP3,0.0
PTHLH_RAMP3,0.0
POMC_RAMP3,0.0
RLN2_RAMP3,0.0
INSL3_RAMP3,0.0
CD55_ADGRE5,0.0
CALM2_PDE1B,0.0
CALM1_PDE1B,0.0
CALM3_PDE1B,0.0
APOA2_LRP1,0.0
BMP2_ACVR2A,0.0
INHBB_ACVR2A,0.0
GPC3_LRP1,0.0
GDF1_ACVR2A,0.0
HLA-E_KLRK1,0.0
MICB_KLRK1,0.0
MICA_KLRK1,0.0
ULBP2_KLRK1,0.0
ULBP3_KLRK1,0.0
RAET1E_KLRK1,0.0
RAET1G_KLRK1,0.0
GHRL_GHSR,0.0
CORT_GHSR,0.0
INHBC_ACVR2A,0.0
GDF9_ACVR2A,0.0
BMP7_ACVR2A,0.0
NODAL_ACVR2A,0.0
GDF7_ACVR2A,0.0
LEFTY1_ACVR2A,0.0
INHA_ACVR2A,0.0
INHBA_ACVR2A,0.0
AGRN_LRP1,0.0
PDGFB_LRP1,0.0
CALM3_SELL,0.0
F8_LRP1,0.0
APP_LRP1,0.0
LPL_LRP1,0.0
LIPC_LRP1,0.0
PF4_LRP1,0.0
PSAP_LRP1,0.0
WNT3A_LRP1,0.0
NODAL_ACVR1C,0.0
INHBB_ACVR1C,0.0
APP_PTGER2,0.0
F12_CD93,0.0
COL4A3_CD93,0.0
COL4A6_CD93,0.0
COL4A5_CD93,0.0
KNG1_CD93,0.0
S100A4_EGFR,0.0
COL4A4_CD93,0.0
COL1A2_CD93,0.0
HPX_LRP1,0.0
VWF_LRP1,0.0
A2M_LRP1,0.0
C4BPA_LRP1,0.0
APOC2_LRP1,0.0
SERPINA1_LRP1,0.0
SERPINE2_LRP1,0.0
HSPG2_LRP1,0.0
MMP13_LRP1,0.0
APOE_LRP1,0.0
PCSK9_LRP1,0.0
MMP9_LRP1,0.0
HSP90B1_LRP1,0.0
MDK_LRP1,0.0
PLAU_LRP1,0.0
LRPAP1_LRP1,0.0
C3_LRP1,0.0
THBS1_LRP1,0.0
HSP90AA1_LRP1,0.0
CALR_LRP1,0.0
C1QB_LRP1,0.0
CFH_SELL,0.0
PODXL_SELL,0.0
TNF_TNFRSF1A,0.0
LAMA2_ITGB4,0.0
LAMB2_ITGB4,0.0
LAMA5_ITGB4,0.0
LAMC1_ITGB4,0.0
LAMA1_ITGB4,0.0
LAMB3_ITGB4,0.0
LAMB1_ITGB4,0.0
LAMC2_ITGB4,0.0
TGFB1_TGFBR3,0.0
FGF1_TGFBR3,0.0
TGFB3_TGFBR3,0.0
INHA_TGFBR3,0.0
TGFB2_TGFBR3,0.0
INHBA_TGFBR3,0.0
IL2_IL2RB,0.0
IL15_IL2RB,0.0
KNG1_BDKRB1,0.0
PROC_PROCR,0.0
LAMC3_ITGB4,0.0
LAMA3_ITGB4,0.0
PROK2_PROKR2,0.0
CD99_PILRA,0.0
TNFSF13_TNFRSF1A,0.0
LTB_TNFRSF1A,0.0
EFNA3_EPHA8,0.0
EFNA1_EPHA8,0.0
EFNA2_EPHA8,0.0
EFNA5_EPHA8,0.0
EFNA4_EPHA8,0.0
IL2_NGFR,0.0
RTN4_NGFR,0.0
NTF4_NGFR,0.0
NTF3_NGFR,0.0
OMG_NGFR,0.0
APP_NGFR,0.0
BDNF_NGFR,0.0
NGF_NGFR,0.0
NTS_NGFR,0.0
BDNF_DRD4,0.0
PF4_PROCR,0.0
FAM3C_GLRA2,0.0
CALM1_SELL,0.0
GNRH1_GNRHR,0.0
IL10_IL10RA,0.0
S100A8_CD69,0.0
TNFSF14_LTBR,0.0
LTA_LTBR,0.0
LTB_LTBR,0.0
WNT7B_FZD10,0.0
CLEC2D_KLRB1,0.0
IL33_IL1RL1,0.0
GNAI2_OPRD1,0.0
POMC_OPRD1,0.0
CXCL13_OPRD1,0.0
PENK_OPRD1,0.0
CALM2_SELL,0.0
PODXL2_SELL,0.0
VCAN_SELL,0.0
CD34_SELL,0.0
MUC7_SELL,0.0
HBEGF_CD82,0.0
GNRH2_GNRHR,0.0
IL16_KCND1,0.0
C1QB_C1QBP,0.0
GHRL_MLNR,0.0
TNFSF10_TNFRSF10A,0.0
COL2A1_TNFRSF10A,0.0
RIMS1_SLC17A7,0.0
APP_APLP1,0.0
BTLA_CD79A,0.0
CXCL8_CD79A,0.0
FN1_CD79A,0.0
KITLG_EPOR,0.0
EPO_EPOR,0.0
LAMA1_ITGB8,0.0
VTN_ITGB8,0.0
COL4A1_ITGB8,0.0
FN1_ITGB8,0.0
APP_TSPAN12,0.0
ADAM10_TSPAN12,0.0
PLG_PLGRKT,0.0
BCAN_EGFR,0.0
AREG_EGFR,0.0
ZP3_EGFR,0.0
ADIPOQ_ADIPOR2,0.0
LTA_TNFRSF14,0.0
FASLG_FAS,0.0
TNF_FAS,0.0
CALM1_FAS,0.0
PIGA_PIGR,0.0
ICAM2_ITGAL,0.0
PLAU_IGF2R,0.0
IGF2_IGF2R,0.0
TNF_PTPRS,0.0
CD55_CR1,0.0
HSPG2_PTPRS,0.0
RARRES2_CCRL2,0.0
CORT_SSTR2,0.0
CCL25_CCR9,0.0
AGT_GRM7,0.0
CXCL12_GRM7,0.0
APLN_GRM7,0.0
CCL25_GRM7,0.0
TNFSF14_TNFRSF14,0.0
VEGFA_RET,0.0
ARTN_RET,0.0
GDNF_RET,0.0
IFNA5_IFNAR2,0.0
IFNB1_IFNAR2,0.0
IFNE_IFNAR2,0.0
MDK_SDC3,0.0
COL5A1_SDC3,0.0
SHBG_SLC37A1,0.0
CALM1_KCNQ5,0.0
LAMA2_RPSA,0.0
LAMB2_RPSA,0.0
F8_ASGR2,0.0
HP_ASGR2,0.0
EDN2_KEL,0.0
EDN1_KEL,0.0
NCAM1_GFRA1,0.0
GDNF_GFRA1,0.0
ARTN_GFRA1,0.0
PTPN6_CLEC12A,0.0
POMC_GRM7,0.0
SAA1_GRM7,0.0
CXCL2_GRM7,0.0
B2M_TFRC,0.0
SEMA3B_NRP2,0.0
VEGFA_NRP2,0.0
PGF_NRP2,0.0
CXCL2_DPP4,0.0
ADCYAP1_DPP4,0.0
CXCL12_DPP4,0.0
VIP_DPP4,0.0
ADA_DPP4,0.0
HRAS_TLR9,0.0
NTF3_NTRK3,0.0
PPY_NPY1R,0.0
B2M_CD247,0.0
COL4A6_CD47,0.0
LGALS9_CD47,0.0
COL4A4_CD47,0.0
COL4A3_CD47,0.0
THBS2_CD47,0.0
VEGFC_NRP2,0.0
TF_TFRC,0.0
CXCL1_GRM7,0.0
TNFSF13B_TFRC,0.0
PPY_GRM7,0.0
CXCL9_GRM7,0.0
CCL20_GRM7,0.0
CCL28_GRM7,0.0
CORT_GRM7,0.0
ANXA1_GRM7,0.0
EFNA3_EPHA2,0.0
EFNA1_EPHA2,0.0
EFNA4_EPHA2,0.0
SEMA4D_PLXNB1,0.0
SEMA4A_PLXNB1,0.0
GNAS_AVPR2,0.0
TGFB2_TGFBR2,0.0
S100A10_TRPV6,0.0
ADM_CALCR,0.0
ADM2_CALCR,0.0
GSTO1_RYR1,0.0
INSL3_ADRB3,0.0
GNAS_ADRB3,0.0
ADM2_ADRB3,0.0
F11_GP1BA,0.0
RTN4_RTN4RL1,0.0
DKK1_KREMEN1,0.0
DKK3_KREMEN1,0.0
BSG_SELE,0.0
AFDN_EPHB3,0.0
CCL25_CCR10,0.0
CCL7_CCR10,0.0
CCL28_CCR10,0.0
CXCL12_CCR4,0.0
NTN4_UNC5A,0.0
PTGS2_PTGDR2,0.0
FAM3C_LAMP1,0.0
AMELX_LAMP1,0.0
F10_F3,0.0
IL6_F3,0.0
F7_F3,0.0
PTN_PTPRB,0.0
APOD_LEPR,0.0
RLN2_RXFP3,0.0
CD274_PDCD1,0.0
TNFSF18_TNFRSF18,0.0
HLA-B_KIR3DL2,0.0
PTHLH_VIPR1,0.0
POMC_VIPR1,0.0
RLN2_VIPR1,0.0
ADCYAP1_VIPR1,0.0
CALCA_VIPR1,0.0
ADM_VIPR1,0.0
VIP_VIPR1,0.0
ADM2_VIPR1,0.0
GNAS_VIPR1,0.0
PTMA_VIPR1,0.0
CALM1_VIPR1,0.0
INSL3_VIPR1,0.0
GHRL_GPR39,0.0
IFNL1_IFNLR1,0.0
IL24_IL20RB,0.0
IL19_IL20RB,0.0
PDCD1LG2_PDCD1,0.0
EFNA3_EPHA3,0.0
VIP_ADRB3,0.0
TNF_TRADD,0.0
ANXA1_FPR3,0.0
B2M_KIR2DL3,0.0
HLA-A_KIR2DL3,0.0
CXCL9_KIR2DL3,0.0
HLA-C_KIR2DL3,0.0
HLA-B_KIR2DL3,0.0
NRG3_ERBB4,0.0
NRG1_ERBB4,0.0
NRG4_ERBB4,0.0
NRG2_ERBB4,0.0
BTC_ERBB4,0.0
CD5L_CD5,0.0
PTHLH_ADRB3,0.0
POMC_ADRB3,0.0
RLN2_ADRB3,0.0
ADCYAP1_ADRB3,0.0
ADM_ADRB3,0.0
ADIPOQ_ADIPOR1,0.0
RGMA_NEO1,0.0
EFNA1_EPHA3,0.0
NPPA_NPR2,0.0
EFNA4_EPHA3,0.0
NRG1_MS4A4A,0.0
PTGS2_CAV1,0.0
HRAS_CAV1,0.0
PLAU_PLAUR,0.0
FN1_PLAUR,0.0
BMP8B_PLAUR,0.0
WNT5B_KLRG2,0.0
FGF14_FGFR3,0.0
FGF17_FGFR3,0.0
FGF16_FGFR3,0.0
FGF12_FGFR3,0.0
FGF9_FGFR3,0.0
BMP7_ACVR2B,0.0
BMP2_ACVR2B,0.0
NRG1_ADGRL1,0.0
LAMB3_COL17A1,0.0
COL4A1_CD47,0.0
C4A_CR1,0.0
NRG1_EGFR,0.0
RELN_ITGB1,0.0
TNF_VSIR,0.0
VEGFC_ITGB1,0.0
LAMA2_ITGB1,0.0
LAMB2_ITGB1,0.0
NPNT_ITGB1,0.0
DSPP_ITGB1,0.0
MDK_ITGB1,0.0
COL4A4_ITGB1,0.0
COL4A3_ITGB1,0.0
C1QA_CR1,0.0
ADAM9_ITGB1,0.0
CHAD_ITGB1,0.0
ANGPT1_ITGB1,0.0
VEGFA_ITGB1,0.0
SEMA4D_CD72,0.0
MDK_ITGA4,0.0
IL6_HRH1,0.0
SPON2_ITGB2,0.0
QRFP_QRFPR,0.0
MDK_PTPRZ1,0.0
CEACAM16_TECTA,0.0
HLA-B_LILRB2,0.0
B2M_KLRC2,0.0
HLA-G_KLRD1,0.0
B2M_KLRD1,0.0
HLA-B_KLRD1,0.0
LRPAP1_VLDLR,0.0
APOC1_VLDLR,0.0
RELN_VLDLR,0.0
ALKAL2_ALK,0.0
MDK_ALK,0.0
EFNA4_EPHA6,0.0
HLA-G_KIR3DL1,0.0
B2M_KIR3DL1,0.0
HLA-A_KIR3DL1,0.0
HLA-B_KIR3DL1,0.0
HLA-G_LILRB2,0.0
B2M_LILRB2,0.0
HLA-A_LILRB2,0.0
ICAM2_ITGB2,0.0
TNF_TRPM2,0.0
FGF1_FGFRL1,0.0
NCAM1_FGFR2,0.0
CXCL17_GPR35,0.0
SLIT2_ROBO2,0.0
B2M_HFE,0.0
RGMA_HFE,0.0
NCAM1_ROBO1,0.0
SLIT2_ROBO1,0.0
RGMA_TFR2,0.0
PPY_NPY5R,0.0
NTF4_NTRK1,0.0
B2M_CD3G,0.0
B2M_KLRC1,0.0
PTHLH_TSHR,0.0
ADCYAP1_TSHR,0.0
SPON2_ITGAM,0.0
ADCYAP1_GPR84,0.0
ASIP_MC1R,0.0
VEGFA_ITGB3,0.0
FGF12_FGFR2,0.0
FGF1_FGFR2,0.0
VEGFA_SIRPA,0.0
SEMA4D_PLXNB2,0.0
IFNE_ADGRV1,0.0
NLGN1_NRXN1,0.0
SYTL3_NRXN1,0.0
LAMA2_ITGA6,0.0
ADAM9_ITGA6,0.0
ADM_CALCRL,0.0
SLIT2_DCC,0.0
IRAK4_TLR6,0.0
FGF1_FGFR1,0.0
NCAM1_FGFR1,0.0
FGF16_FGFR1,0.0
FGF12_FGFR1,0.0
PRG4_CD44,0.0
FGF1_CD44,0.0
VIM_CD44,0.0
RGMA_BMPR1B,0.0
VEGFC_CCBE1,0.0
LAMA1_TMPRSS6,0.0
IL6_IL6ST,0.0
SLIT2_SDC1,0.0
GDF9_BMPR1A,0.0
BMP8B_BMPR1A,0.0
BMP2_BMPR1A,0.0
TNFSF13B_CD40,0.0
LTB_CD40,0.0
ANGPTL2_TIE1,0.0
ANGPT4_TIE1,0.0
ANGPT1_TIE1,0.0
NTF4_BEX3,0.0
BDNF_BEX3,0.0
MDK_SDC4,0.0
CXCL12_SDC4,0.0
LAMA1_SDC4,0.0
EFNA4_EPHA10,0.0
BMP7_ENG,0.0
BMP2_ENG,0.0
TAC3_TACR2,0.0
CXCL12_CXCR3,0.0
BMP7_BMPR1A,0.0
MDK_TSPAN1,0.0
HSPA1A_TLR4,0.0
EDN1_ADGRL4,0.0
GNAS_ADORA1,0.0
PSAP_GPR37L1,0.0
AFDN_NECTIN4,0.0
ASIP_F11R,0.0
AFDN_F11R,0.0
CCL7_ACKR1,0.0
CXCL1_ACKR1,0.0
CCL8_ACKR1,0.0
B2M_CD1B,0.0
PSAP_CD1B,0.0
IL6_IL6R,0.0
NPPA_NPR1,0.0
AFDN_EPHA7,0.0
EFNA4_EPHA7,0.0
COL2A1_ITGA10,0.0
CD58_CD2,0.0
CD59_CD2,0.0
CCL7_CXCR3,0.0
IRAK4_TLR4,0.0
MDK_SDC1,0.0
ADCYAP1_GPR20,0.0
POMC_GPR20,0.0
RLN2_GPR20,0.0
ADM2_GPR20,0.0
PTHLH_GPR20,0.0
INSL3_GPR20,0.0
NPNT_ITGA8,0.0
AGRN_LRP4,0.0
NRG1_LGR4,0.0
TNFSF11_LGR4,0.0
MEPE_PHEX,0.0
ANGPT4_TEK,0.0
ANGPT1_TEK,0.0
COL8A2_SLC4A11,0.0
NMB_GRPR,0.0
SPTBN2_PTPRA,0.0
NCAM1_PTPRA,0.0
IRAK4_TLR7,0.0
ADM_GPR20,0.0
EDN1_EDNRB,0.0
ZG16B_TLR4,0.0
GDNF_EDNRB,0.0
PPY_NPY4R,0.0
ALOX5AP_ALOX5,0.0
AGRN_MUSK,0.0
COLQ_MUSK,0.0
ADIPOQ_CNR2,0.0
GDF9_BMPR2,0.0
BMP7_BMPR2,0.0
BMP2_BMPR2,0.0
RGMA_BMPR2,0.0
VEGFA_EPHB2,0.0
AFDN_EPHB2,0.0
PSAP_AR,0.0
PLTP_ABCA1,0.0
GDF9_TGFBR1,0.0
HLA-C_NOTCH4,0.0
LTA_TNFRSF1B,0.0
TNF_TNFRSF1B,0.0
HLA-A_KIR3DL2,0.0
CD86_CD28,0.0
UTS2B_UTS2R,0.0
WNT11_FZD7,0.0
MATN1_ITGA1,0.0
COL4A1_ITGA1,0.0
PLA2G10_PLA2R1,0.0
FBN1_ITGB6,0.0
FN1_ITGB6,0.0
FYN_THY1,0.0
SFTPD_LY96,0.0
BGN_LY96,0.0
WNT1_FZD7,0.0
INSL3_PTH1R,0.0
CSF1_CSF1R,0.0
CSF2_CSF1R,0.0
IL34_CSF1R,0.0
GNAS_ADCY8,0.0
GNAI2_ADCY8,0.0
CALM1_ADCY8,0.0
CALM3_ADCY8,0.0
WNT4_FZD1,0.0
COL1A2_ITGA1,0.0
COL5A2_ITGA1,0.0
COL6A3_ITGA1,0.0
VEGFD_ITGA1,0.0
VEGFC_FLT1,0.0
PLG_FLT1,0.0
PGF_FLT1,0.0
VEGFD_FLT1,0.0
VEGFB_FLT1,0.0
VEGFA_FLT1,0.0
SORBS1_ITGA1,0.0
COL4A6_ITGA1,0.0
COL4A5_ITGA1,0.0
LAMA2_ITGA1,0.0
LAMA1_ITGA1,0.0
COL6A1_ITGA1,0.0
COL4A4_ITGA1,0.0
COL5A1_ITGA1,0.0
COL6A2_ITGA1,0.0
COL4A3_ITGA1,0.0
COL2A1_ITGA1,0.0
WNT7B_FZD1,0.0
WNT1_FZD1,0.0
B2M_CD1A,0.0
CCL8_CCR5,0.0
FGF5_FGFR4,0.0
FGF14_FGFR4,0.0
FGF11_FGFR4,0.0
FGF1_FGFR4,0.0
FGF17_FGFR4,0.0
FGF16_FGFR4,0.0
FGF13_FGFR4,0.0
FGF12_FGFR4,0.0
FGF9_FGFR4,0.0
IL16_GRIN2C,0.0
L1CAM_ITGA5,0.0
PLAU_ITGA5,0.0
SPP1_ITGA5,0.0
FGG_ITGA5,0.0
VEGFD_ITGA5,0.0
FBN1_ITGA5,0.0
ANGPT1_ITGA5,0.0
MDK_GPC2,0.0
IL16_CCR5,0.0
GNAS_HTR6,0.0
CCL7_CCR5,0.0
IFNL1_IL10RB,0.0
IL10_IL10RB,0.0
IL24_IL10RB,0.0
PENK_OGFR,0.0
PIP_NPTN,0.0
GPI_AMFR,0.0
TNFSF13B_TNFRSF13C,0.0
GHRL_PTGIR,0.0
GNAS_PTGIR,0.0
CCL11_CCR2,0.0
CCL7_CCR2,0.0
CCL24_CCR2,0.0
CCL26_CCR2,0.0
CCL8_CCR2,0.0
GNAI2_CCR5,0.0
S100A4_CCR5,0.0
CCL11_CCR5,0.0
PDGFC_FLT1,0.0
EFNA4_EPHA4,0.0
EFNA5_EPHA4,0.0
VEGFA_EGFR,0.0
SPINK1_EGFR,0.0
CALM3_EGFR,0.0
EFNA3_EPHA1,0.0
EFNA1_EPHA1,0.0
EFNA5_EPHA1,0.0
EFNA4_EPHA1,0.0
LIN7C_HTR2C,0.0
CALM1_HTR2C,0.0
FASLG_TNFRSF10B,0.0
NTF4_NTRK2,0.0
NTF3_NTRK2,0.0
BDNF_NTRK2,0.0
DLK1_NOTCH1,0.0
DLL1_NOTCH1,0.0
MFNG_NOTCH1,0.0
PSEN1_NOTCH1,0.0
TNF_NOTCH1,0.0
CALM1_EGFR,0.0
EPGN_EGFR,0.0
DLK2_NOTCH1,0.0
LRIG2_EGFR,0.0
HSPG2_ITGB1,0.0
FGF1_EGFR,0.0
NRG4_EGFR,0.0
ANXA1_EGFR,0.0
L1CAM_EGFR,0.0
EFEMP1_EGFR,0.0
FGL1_EGFR,0.0
TGFA_EGFR,0.0
ARF4_EGFR,0.0
GNAI2_EGFR,0.0
ANG_EGFR,0.0
FGF13_EGFR,0.0
GSTP1_EGFR,0.0
HSP90AA1_EGFR,0.0
CAMP_EGFR,0.0
CNTF_EGFR,0.0
BTC_EGFR,0.0
WNT4_NOTCH1,0.0
ADAM17_NOTCH1,0.0
EFNA1_EPHA4,0.0
PPBP_ADRA2A,0.0
CXCL5_ADRA2A,0.0
CCL19_ADRA2A,0.0
PNOC_ADRA2A,0.0
APP_ADRA2A,0.0
CXCL1_ADRA2A,0.0
NPB_ADRA2A,0.0
PPY_ADRA2A,0.0
CXCL9_ADRA2A,0.0
CXCL16_ADRA2A,0.0
CCL20_ADRA2A,0.0
NPW_ADRA2A,0.0
PENK_ADRA2A,0.0
CCL28_ADRA2A,0.0
PF4_ADRA2A,0.0
CORT_ADRA2A,0.0
ANXA1_ADRA2A,0.0
EFNA3_EPHA4,0.0
PMCH_ADRA2A,0.0
CXCL10_ADRA2A,0.0
MFAP5_NOTCH1,0.0
CXCL13_ADRA2A,0.0
MFAP2_NOTCH1,0.0
JAG2_NOTCH1,0.0
NTNG2_LRRC4C,0.0
NTNG1_LRRC4C,0.0
PLAU_ST14,0.0
SPINT1_ST14,0.0
GNAI2_ADRA2A,0.0
AGT_ADRA2A,0.0
CXCL12_ADRA2A,0.0
CXCL3_ADRA2A,0.0
CXCL11_ADRA2A,0.0
APLN_ADRA2A,0.0
CCL25_ADRA2A,0.0
POMC_ADRA2A,0.0
SAA1_ADRA2A,0.0
CXCL8_ADRA2A,0.0
CXCL2_ADRA2A,0.0
COL18A1_ITGA5,0.0
ADAM15_ITGA5,0.0
ADAM17_ITGA5,0.0
ADM_ADRB2,0.0
ADM2_ADRB2,0.0
ACTR2_ADRB2,0.0
INSL3_ADRB2,0.0
GNAI2_S1PR1,0.0
PDGFB_S1PR1,0.0
CD6_ALCAM,0.0
S100A9_ALCAM,0.0
CALM1_GRM5,0.0
TSLP_IL7R,0.0
PSAP_GPR37,0.0
GNAI2_CHRM1,0.0
LAMA3_SDC2,0.0
LAMA1_SDC2,0.0
TNFSF13_SDC2,0.0
HRAS_SDC2,0.0
SERPINC1_SDC2,0.0
FN1_SDC2,0.0
VIP_ADRB2,0.0
CALCA_ADRB2,0.0
PLAU_MRC2,0.0
ADCYAP1_ADRB2,0.0
TAC4_TACR1,0.0
LRPAP1_LRP8,0.0
RELN_LRP8,0.0
SORBS1_INSR,0.0
ARF1_INSR,0.0
IGF2_INSR,0.0
HRAS_INSR,0.0
CALM1_INSR,0.0
CD86_CTLA4,0.0
DKK1_KREMEN2,0.0
SLIT2_ROBO4,0.0
FN1_ROBO4,0.0
PTHLH_ADRB2,0.0
TF_ADRB2,0.0
POMC_ADRB2,0.0
RLN2_ADRB2,0.0
HSPA8_ADRB2,0.0
GNAI2_P2RY12,0.0
LGALS9_MRC2,0.0
TAC1_TACR1,0.0
SEMA4A_PLXND1,0.0
SEMA5A_MET,0.0
POMC_MC5R,0.0
ASIP_MC5R,0.0
TNF_ICOS,0.0
ICOSLG_ICOS,0.0
CXCL2_CXCR2,0.0
CXCL1_CXCR2,0.0
CD55_ADGRE2,0.0
SEMA4B_DCBLD2,0.0
PTHLH_PTH1R,0.0
POMC_PTH1R,0.0
RLN2_PTH1R,0.0
ADCYAP1_PTH1R,0.0
CALCA_PTH1R,0.0
ADM_PTH1R,0.0
VIP_PTH1R,0.0
ADM2_PTH1R,0.0
SEMA4D_MET,0.0
HLA-B_LILRB1,0.0
CER1_MRC2,0.0
HLA-C_LILRB1,0.0
CALM1_GP6,0.0
XCL1_XCR1,0.0
XCL2_XCR1,0.0
CXCL2_XCR1,0.0
CD200_CD200R1,0.0
CALM1_AQP1,0.0
RARRES2_CMKLR1,0.0
LGALS9_HAVCR2,0.0
C1QA_CSPG4,0.0
IL24_IL20RA,0.0
IL19_IL20RA,0.0
EDN2_EDNRA,0.0
EDN3_EDNRA,0.0
EDN1_EDNRA,0.0
HLA-G_LILRB1,0.0
B2M_LILRB1,0.0
HLA-A_LILRB1,0.0
TAC3_TACR1,0.0
GNAS_PTGDR,0.0
ANGPTL3_ITGA5,0.0
CCL7_CCR1,0.0
CCL8_CCR1,0.0
PLAU_ITGB5,0.0
EDIL3_ITGB5,0.0
SORBS1_ITGB5,0.0
SPP1_ITGB5,0.0
TLN1_ITGB5,0.0
COL4A2_ITGB5,0.0
ADAM9_ITGB5,0.0
COL18A1_ITGB5,0.0
ITGB3BP_ITGB5,0.0
LTBP3_ITGB5,0.0
LTBP1_ITGB5,0.0
MST1_MST1R,0.0
SHH_HHIP,0.0
COL4A6_ITGA2,0.0
COL4A5_ITGA2,0.0
LAMA2_ITGA2,0.0
CCL26_CCR1,0.0
FN1_IL17RC,0.0
LAMC3_ITGA2,0.0
CXCL1_CXCR1,0.0
FN1_ITGA5,0.0
GNAS_ADCY9,0.0
GNAI2_ADCY9,0.0
WNT7B_LRP5,0.0
WNT8B_LRP5,0.0
DKK1_LRP5,0.0
PSEN1_NCSTN,0.0
GNAI2_LHCGR,0.0
GNAS_LHCGR,0.0
GAS6_MERTK,0.0
PROS1_MERTK,0.0
GNAI2_CXCR1,0.0
CXCL3_CXCR1,0.0
CXCL8_CXCR1,0.0
CXCL2_CXCR1,0.0
PPBP_CXCR1,0.0
CXCL5_CXCR1,0.0
LAMA1_ITGA2,0.0
COL6A1_ITGA2,0.0
SPP1_PTGER4,0.0
GNAS_ADCY1,0.0
TNFSF11_TNFRSF11B,0.0
TNFSF13_TNFRSF11B,0.0
FN1_TNFRSF11B,0.0
RIMS1_SLC18A2,0.0
CXCL12_AVPR1A,0.0
VIP_AVPR1A,0.0
FAT4_DCHS1,0.0
POMC_MC4R,0.0
ASIP_MC4R,0.0
ADM_GPR182,0.0
B2M_CD3D,0.0
HLA-A_CD3D,0.0
HLA-C_CD3D,0.0
HLA-B_CD3D,0.0
GAS6_AXL,0.0
PROS1_AXL,0.0
C4A_C3AR1,0.0
GNAI2_ADCY1,0.0
TNF_TNFRSF21,0.0
COL4A4_ITGA2,0.0
NUCB2_ERAP1,0.0
COL11A1_ITGA2,0.0
COL6A2_ITGA2,0.0
COL4A3_ITGA2,0.0
COL2A1_ITGA2,0.0
VEGFD_ITGA2,0.0
MMP1_ITGA2,0.0
HSPG2_ITGA2,0.0
LAMB3_ITGA2,0.0
CHAD_ITGA2,0.0
COL1A2_ITGA2,0.0
COL4A1_ITGA2,0.0
FN1_ITGA2,0.0
COL7A1_ITGA2,0.0
COL3A1_ITGA2,0.0
F2_F2RL2,0.0
PLG_F2RL1,0.0
F2_F2RL1,0.0
HSPG2_COL13A1,0.0
COL16A1_ITGB1,0.0
HSPG2_SDC1,0.0
IL1RN_IL1RL2,0.0
LAMC1_ITGA6,0.0
LAMC1_ITGA1,0.0
LAMC1_ITGA7,0.0
LAMC1_ITGAV,0.0
LAMC1_ITGB1,0.0
LAMC1_ITGA2,0.0
IL36G_IL1RL2,0.0
IL1RN_IL1R1,0.0
IL1RN_IL1R2,0.0
VWF_TNFRSF11B,0.0
ORM1_CCR5,0.0
CCL21_ADRA2A,0.0
CCL21_CXCR3,0.0
CCL21_GRM7,0.0
CCL21_ACKR2,0.0
CCL27_CCR10,0.0
CCL27_ADRA2A,0.0
CCL27_GRM7,0.0
GDF11_BMPR1B,0.0
GDF11_BMPR1A,0.0
GDF11_BMPR2,0.0
GDF11_ACVR1B,0.0
LAMA5_ITGB1,0.0
LAMA5_ITGA2,0.0
F12_GP1BA,0.0
JAG1_CD46,0.0
JAG1_NOTCH4,0.0
JAG1_NOTCH1,0.0
JAG1_NOTCH2,0.0
JAG1_NOTCH3,0.0
NTS_SORT1,0.0
NTS_NTSR1,0.0
FST_BMPR2,0.0
FST_BMPR1B,0.0
SPX_GALR2,0.0
DSC1_DSG2,0.0
SEMA6A_PLXNA4,0.0
SEMA6A_PLXNA2,0.0
GDF11_ACVR2B,0.0
CCL27_ACKR2,0.0
TGS1_RXRA,0.0
MMP7_CD44,0.0
ADAM10_CADM1,0.0
ADAM10_NOTCH1,0.0
ADAM10_IL6R,0.0
ADAM10_MET,0.0
ADAM10_TSPAN17,0.0
ADAM10_EPHA3,0.0
ADAM10_TREM2,0.0
ADAM10_AXL,0.0
ADAM10_NRCAM,0.0
MSTN_ACVR2B,0.0
COL8A1_ITGA1,0.0
COL8A1_ITGA2,0.0
LYZ_ITGAL,0.0
VWF_SCARA5,0.0
VWF_ITGA2B,0.0
VWF_ITGB3,0.0
VWF_STAB2,0.0
VWF_SELP,0.0
ADAM10_TSPAN14,0.0
ADAM10_TSPAN10,0.0
MMP7_SDC1,0.0
ADAM10_CD44,0.0
MMP7_CD151,0.0
MMP7_ERBB4,0.0
THBS1_ITGA4,0.0
THBS1_CD47,0.0
THBS1_SDC1,0.0
THBS1_ITGB1,0.0
THBS1_LRP5,0.0
THBS1_ITGA2B,0.0
THBS1_ITGB3,0.0
THBS1_SDC4,0.0
THBS1_SCARB1,0.0
THBS1_ITGA6,0.0
THBS1_TNFRSF11B,0.0
THBS1_CD36,0.0
ADAM10_GPNMB,0.0
ADAM10_TSPAN5,0.0
ADAM10_TSPAN15,0.0
LAMA5_BCAM,0.0
LAMA5_ITGA6,0.0
LAMA5_SDC1,0.0
TNFSF9_TNFRSF9,0.0
TNFSF9_TRAF2,0.0
CD70_TNFRSF13B,0.0
CD70_CD27,0.0
C3_ITGAM,0.0
C3_CD19,0.0
C3_CD46,0.0
C3_C5AR2,0.0
C3_CR2,0.0
C3_GRM7,0.0
C3_ITGAX,0.0
C3_C3AR1,0.0
C3_ADRA2A,0.0
C3_IFITM1,0.0
C3_CR1,0.0
C3_ITGB2,0.0
C3_CD81,0.0
VASP_CXCR2,0.0
TNFSF9_PVR,0.0
PSPN_GFRA1,0.0
GDF1_ACVR2B,0.0
PSPN_GFRA2,0.0
EFNB2_EPHB4,0.0
EFNB2_RHBDL2,0.0
EFNB2_EPHA3,0.0
EFNB2_EPHB1,0.0
EFNB2_EPHB3,0.0
EFNB2_GRM5,0.0
EFNB2_EPHB2,0.0
EFNB2_EPHA4,0.0
EFNB2_EPHA6,0.0
EFNB2_GRM1,0.0
BMP4_LRP6,0.0
BMP4_BMPR2,0.0
BMP4_BMPR1A,0.0
BMP4_BMPR1B,0.0
PSPN_GFRA3,0.0
PSPN_RET,0.0
PSPN_SDC3,0.0
SLURP1_CHRNA7,0.0
GDF1_SMAD3,0.0
GDF15_RET,0.0
APOE_LRP6,0.0
APOE_VLDLR,0.0
APOE_LDLR,0.0
APOE_LRP5,0.0
APOE_CHRNA4,0.0
APOE_TREM2,0.0
APOE_LSR,0.0
APOE_SORL1,0.0
APOE_ABCA1,0.0
APOE_SCARB1,0.0
APOE_SDC2,0.0
APOE_LRP8,0.0
APOE_LRP4,0.0
APOC2_LDLR,0.0
NCAN_CDH2,0.0
NCAN_SDC3,0.0
BST2_LILRA4,0.0
EPO_EPHB4,0.0
APOE_LRP2,0.0
LMAN1_MCFD2,0.0
GDF1_ACVR1B,0.0
AANAT_MTNR1B,0.0
OMG_RTN4RL1,0.0
OMG_LINGO1,0.0
LIF_LIFR,0.0
LIF_IL6ST,0.0
DLL4_NOTCH1,0.0
DLL4_NOTCH4,0.0
DLL4_NOTCH2,0.0
DLL4_NOTCH3,0.0
TPH1_HTR7,0.0
TPH1_HTR1F,0.0
TPH1_HTR1D,0.0
TPH1_HTR2C,0.0
TPH1_HTR4,0.0
TPH1_HTR6,0.0
TPH1_HTR1B,0.0
TPH1_HTR2A,0.0
TPH1_HTR2B,0.0
VWF_SIRPA,0.0
VWF_GP1BA,0.0
EDA_EDA2R,0.0
VCAN_TLR1,0.0
KNG1_SDC2,0.0
KNG1_GRM7,0.0
KNG1_BDKRB2,0.0
KNG1_GP1BA,0.0
VCAN_ITGA4,0.0
VCAN_CD44,0.0
VCAN_EGFR,0.0
VCAN_ITGB1,0.0
TNC_ITGA5,0.0
CDH1_EGFR,0.0
TNC_SDC1,0.0
TNC_EGFR,0.0
TNC_ITGB3,0.0
TNC_ITGB6,0.0
TNC_PTPRB,0.0
TNC_ITGA8,0.0
TNC_ITGA7,0.0
TNC_ITGB1,0.0
KNG1_ITGB2,0.0
KNG1_PLAUR,0.0
KNG1_RXFP4,0.0
KNG1_ADRA2A,0.0
FGF10_FGFRL1,0.0
FGF10_FGFR1,0.0
ICAM1_ITGAM,0.0
ICAM1_ITGAL,0.0
ICAM1_ITGAX,0.0
ICAM1_MUC1,0.0
ICAM1_EGFR,0.0
ICAM1_CAV1,0.0
ICAM1_IL2RA,0.0
ICAM1_ITGB2,0.0
ICAM1_SPN,0.0
ICAM1_IL2RG,0.0
OLFM2_ROBO2,0.0
F13A1_ITGA4,0.0
F13A1_ITGB1,0.0
BST1_CAV1,0.0
KNG1_ITGAM,0.0
TNC_SDC4,0.0
TNC_CNTN1,0.0
TNC_ITGA2,0.0
WNT2_FZD1,0.0
WNT2_FZD9,0.0
WNT2_FZD7,0.0
WNT2_FZD3,0.0
WNT2_FZD8,0.0
WNT2_FZD5,0.0
WNT2_FZD2,0.0
NPTX2_NPTXR,0.0
GAL_ADRA2A,0.0
GAL_GALR2,0.0
GAL_GRM7,0.0
GAL_GPR151,0.0
GAL_GALR1,0.0
ADAM28_ITGA4,0.0
SLIT1_ROBO1,0.0
SLIT1_FLRT3,0.0
TIMP3_CD44,0.0
TIMP3_MET,0.0
WNT2_FZD4,0.0
SEMA3A_NRP2,0.0
EGF_EGFR,0.0
SEMA3A_PLXNA2,0.0
EGF_LDLR,0.0
EGF_FSHR,0.0
EGF_ERBB3,0.0
EGF_ADRB2,0.0
EGF_CAV1,0.0
EGF_RHBDL2,0.0
EGF_ERBB2,0.0
EGF_ERBB4,0.0
EGF_NRP1,0.0
EGF_AXL,0.0
SEMA3C_PLXND1,0.0
SEMA3C_NRP1,0.0
SEMA3C_NRP2,0.0
SEMA3A_PLXNA4,0.0
SEMA3A_PLXNA3,0.0
SEMA3A_PLXNA1,0.0
SEMA3A_NRP1,0.0
FGF10_FGFR2,0.0
WNT5A_FZD6,0.0
WNT5A_ANTXR1,0.0
IL1A_IL1RAP,0.0
IL1B_SIGIRR,0.0
IL1B_IL1R1,0.0
IL1B_ADRB2,0.0
IL1B_IL1RAP,0.0
IL1B_IL1R2,0.0
MIA_CDH7,0.0
CNTN3_PTPRG,0.0
IL7_IL7R,0.0
IL7_IL2RG,0.0
CKLF_CCR4,0.0
FARP2_PLXNA3,0.0
FARP2_PLXNA1,0.0
FARP2_PLXNA2,0.0
FARP2_PLXNA4,0.0
LAMC2_ITGA6,0.0
LAMC2_CD151,0.0
LAMC2_ITGB1,0.0
IL1A_IL1R2,0.0
IL1A_IL1R1,0.0
LAMC2_COL17A1,0.0
IL37_IL1RAPL1,0.0
CDH1_LRP5,0.0
CDH1_IGF1R,0.0
CDH1_ITGB7,0.0
CDH1_ERBB3,0.0
CDH1_KLRG1,0.0
CDH1_CDH2,0.0
CDH1_ITGAE,0.0
CDH1_PTPRM,0.0
CDH1_PTPRF,0.0
IL17B_IL17RB,0.0
SEMA7A_ITGB1,0.0
SEMA7A_ITGA1,0.0
ANOS1_SDC2,0.0
ANOS1_FGFR1,0.0
TIMP2_CD44,0.0
TIMP2_ITGB1,0.0
LGALS3BP_ITGB1,0.0
LAMC2_ITGA2,0.0
NID1_ITGB1,0.0
WNT5A_FZD2,0.0
IL11_IL11RA,0.0
WNT5A_PTK7,0.0
WNT5A_LDLR,0.0
WNT5A_LRP5,0.0
WNT5A_EPHA7,0.0
WNT5A_FZD5,0.0
WNT5A_ROR1,0.0
WNT5A_VANGL2,0.0
WNT5A_RYK,0.0
WNT5A_ROR2,0.0
WNT5A_PTPRK,0.0
WNT5A_ADRB2,0.0
WNT5A_FZD1,0.0
WNT5A_FZD4,0.0
WNT5A_FZD9,0.0
WNT5A_FZD7,0.0
WNT5A_FZD3,0.0
WNT5A_FZD8,0.0
IL11_IL6ST,0.0
FGF2_NRP1,0.0
NID1_ITGB3,0.0
FGF2_FGFR3,0.0
NID1_COL13A1,0.0
NID1_PTPRF,0.0
NMU_ADRA2A,0.0
NMU_GRM7,0.0
NMU_NMUR1,0.0
IL21_IL21R,0.0
IL21_IL2RG,0.0
FGF2_SDC1,0.0
FGF2_FGFR1,0.0
FGF2_FGFR2,0.0
FGF2_CD44,0.0
FGF2_SDC3,0.0
FGF2_SDC4,0.0
FGF2_GPC4,0.0
FGF2_SDC2,0.0
FGF2_FGFRL1,0.0
FGF2_FGFR4,0.0
EFNB2_EPHB6,0.0
EREG_ERBB3,0.0
EREG_ERBB4,0.0
AMH_ACVR1,0.0
LHB_VIPR1,0.0
LHB_RAMP3,0.0
LHB_GPR20,0.0
LHB_ADRB2,0.0
LHB_ADRB3,0.0
LHB_TSHR,0.0
LHB_LHCGR,0.0
LHB_GPR84,0.0
AMH_EGFR,0.0
EREG_EGFR,0.0
AMH_AMHR2,0.0
RETN_GPR25,0.0
EBI3_IL27RA,0.0
EBI3_IL6ST,0.0
TGFB1_ENG,0.0
TGFB1_EGFR,0.0
TGFB1_TGFBR2,0.0
TGFB1_ITGB3,0.0
LHB_RAMP2,0.0
LHB_ADCYAP1R1,0.0
LHB_PTH1R,0.0
DKK4_LRP5,0.0
MMP2_FGFR1,0.0
CCL22_CCR4,0.0
CCL22_DPP4,0.0
CCL22_ACKR2,0.0
CCL17_CCR4,0.0
CCL17_ACKR1,0.0
CCL17_ACKR2,0.0
CCL17_CCR8,0.0
TG_ASGR1,0.0
TG_LRP2,0.0
TG_TPO,0.0
SFRP1_FZD2,0.0
SFRP1_FZD6,0.0
PLAT_ITGAM,0.0
PLAT_LRP1,0.0
PLAT_ITGB2,0.0
DKK4_LRP6,0.0
TGFB1_TGFBR1,0.0
TGFB1_ACVRL1,0.0
TGFB1_ITGB6,0.0
LAMB1_ITGA7,0.0
LAMB1_ITGB1,0.0
LAMB1_ITGA6,0.0
LAMB1_ITGA1,0.0
LAMB1_ITGA2,0.0
WNT16_FZD6,0.0
PON2_HTR2A,0.0
PDAP1_PDGFRB,0.0
SERPINE1_LRP2,0.0
SERPINE1_PLAUR,0.0
SERPINE1_ITGAV,0.0
SERPINE1_LRP1,0.0
SERPINE1_ITGB5,0.0
C5_ADRA2A,0.0
C5_C5AR2,0.0
C5_C5AR1,0.0
C5_GRM7,0.0
TNFSF8_TNFRSF8,0.0
LAMB1_ITGAV,0.0
HGF_ST14,0.0
TGFB1_ITGAV,0.0
HGF_NRP1,0.0
TGFB1_ITGB1,0.0
TGFB1_CAV1,0.0
TGFB1_SDC2,0.0
TGFB1_ITGB8,0.0
TGFB1_CXCR4,0.0
TGFB1_ITGB5,0.0
ICAM5_ITGAL,0.0
ICAM5_ITGB2,0.0
CEACAM5_CD1D,0.0
COMP_ITGB1,0.0
COMP_ITGB3,0.0
COMP_CD36,0.0
HGF_CD44,0.0
HGF_SDC1,0.0
HGF_ITGB1,0.0
HGF_MET,0.0
HGF_SDC2,0.0
MMP2_SDC2,0.0
MMP2_CCR2,0.0
TIMP1_CD63,0.0
CEACAM1_SELE,0.0
ST6GAL1_EGFR,0.0
NTN1_UNC5D,0.0
NTN1_UNC5B,0.0
NTN1_DCC,0.0
NTN1_UNC5A,0.0
NTN1_ADORA2B,0.0
NTN1_UNC5C,0.0
NTN1_NEO1,0.0
FGF20_FGFR2,0.0
FGF20_FGFR4,0.0
FGF20_FGFR1,0.0
FGF20_FGFR3,0.0
CEACAM6_EGFR,0.0
THPO_MPL,0.0
EFNB1_EPHB6,0.0
EFNB1_EPHB4,0.0
EFNB1_ERBB2,0.0
CEACAM1_CD209,0.0
CEACAM1_EGFR,0.0
EFNB1_EPHB3,0.0
ICAM3_ITGAD,0.0
SEMA3F_NRP1,0.0
SEMA3F_NRP2,0.0
CX3CL1_CX3CR1,0.0
HEBP1_ADRA2A,0.0
HEBP1_FPR3,0.0
HEBP1_GRM7,0.0
DCN_EGFR,0.0
DCN_MET,0.0
DCN_ERBB4,0.0
GRN_TNFRSF1A,0.0
GRN_EGFR,0.0
GRN_SORT1,0.0
GRN_TNFRSF1B,0.0
UTS2_UTS2R,0.0
ICAM3_ITGAL,0.0
ICAM3_ITGB2,0.0
ICAM3_CD209,0.0
EFNB1_EPHB1,0.0
EFNB1_EPHB2,0.0
TIMP1_FGFR2,0.0
MADCAM1_CD44,0.0
OSM_LIFR,0.0
OSM_IL6ST,0.0
OSM_OSMR,0.0
TCN2_LRP2,0.0
TCN2_CNR1,0.0
LGALS1_ITGB1,0.0
LGALS1_PTPRC,0.0
NID2_COL13A1,0.0
GZMB_CHRM3,0.0
GZMB_IGF2R,0.0
RSPO4_LGR6,0.0
RSPO4_LGR4,0.0
RSPO4_LGR5,0.0
OXT_AVPR2,0.0
OXT_AVPR1A,0.0
OXT_OXTR,0.0
PCSK1N_GPR171,0.0
MADCAM1_ITGB7,0.0
MADCAM1_ITGA4,0.0
EFNB1_EPHA4,0.0
FGF22_FGFR1,0.0
EFNB1_EPHA6,0.0
DLL3_NOTCH1,0.0
DLL3_NOTCH4,0.0
DLL3_NOTCH2,0.0
DLL3_NOTCH3,0.0
SEMA4G_PLXNB2,0.0
VCL_ITGB5,0.0
VCL_ALK,0.0
EFNA2_EPHA7,0.0
EFNA2_EPHA10,0.0
EFNA2_EPHA3,0.0
EFNA2_EPHA1,0.0
EFNA2_EPHA5,0.0
EFNA2_EPHA4,0.0
EFNA2_EPHA6,0.0
EFNA2_EPHA2,0.0
FGF22_FGFR2,0.0
RLN1_RXFP1,0.0
CSF3_CSF1R,0.0
CSF3_CSF3R,0.0
IL5_IL5RA,0.0
LTF_LRP1,0.0
LTF_TFRC,0.0
HRG_ERBB2,0.0
HRG_FCGR1A,0.0
HRG_ERBB3,0.0
TFPI_VLDLR,0.0
TFPI_LRP1,0.0
TFPI_SDC4,0.0
TFPI_F3,0.0
APOB_ITGAM,0.0
APOB_LRP6,0.0
APOB_OLR1,0.0
APOB_LRP2,0.0
APOB_VLDLR,0.0
APOB_LDLR,0.0
APOB_CALCR,0.0
APOB_MTTP,0.0
SEMA3G_NRP2,0.0
IL5_CSF2RB,0.0
APOB_ADRB2,0.0
IL4_IL4R,0.0
ULBP1_KLRK1,0.0
LAMA4_ITGA6,0.0
LAMA4_ITGAV,0.0
LAMA4_ITGB1,0.0
HBEGF_CD44,0.0
HBEGF_EGFR,0.0
HBEGF_CD9,0.0
HBEGF_PRLR,0.0
HBEGF_ERBB2,0.0
HBEGF_ERBB4,0.0
IL12B_IL12RB1,0.0
IL12B_IL23R,0.0
IL12B_IL12RB2,0.0
IL4_IL13RA2,0.0
IL4_IL2RG,0.0
IL4_CD53,0.0
IL4_IL13RA1,0.0
APOB_LSR,0.0
APOB_TLR6,0.0
GNB3_TGFBR1,0.0
TGFB3_ITGB6,0.0
TNFSF10_TNFRSF10D,0.0
TNFSF10_RIPK1,0.0
TNFSF10_TNFRSF10B,0.0
TNFSF10_TNFRSF10C,0.0
TNFSF10_TNFRSF11B,0.0
GSTM2_RYR2,0.0
INHBA_ACVR1,0.0
INHBA_ACVR2B,0.0
INHBA_ENG,0.0
INHBA_SMAD3,0.0
INHBA_BAMBI,0.0
INHBA_ACVR1B,0.0
INHA_ACVR1,0.0
INHA_ACVR2B,0.0
PI3_PLD2,0.0
LYPD3_AGR2,0.0
EREG_ERBB2,0.0
TGFB3_ITGB5,0.0
TGFB3_ACVRL1,0.0
APOB_LRP1,0.0
TGFB3_TGFBR1,0.0
APOB_ITGB2,0.0
APOB_TLR4,0.0
APOB_LRP8,0.0
WNT6_FZD4,0.0
PROC_ITGAM,0.0
PROC_ITGB2,0.0
PROC_THBD,0.0
ANGPTL1_TEK,0.0
CD160_TNFRSF14,0.0
APOA1_ABCA1,0.0
APOA1_LRP2,0.0
APOA1_LDLR,0.0
APOA1_LRP1,0.0
TGFB3_ENG,0.0
TGFB3_ITGB1,0.0
TGFB3_TGFBR2,0.0
TGFB3_ITGB3,0.0
GNB3_GABBR2,0.0
IFNG_IFNGR1,0.0
WNT3_RYK,0.0
CCL13_ACKR2,0.0
CCL13_CCR5,0.0
CCL13_ACKR4,0.0
CCL13_CCR9,0.0
COL1A1_ITGA5,0.0
COL1A1_CD93,0.0
COL1A1_FLT4,0.0
COL1A1_CD36,0.0
COL1A1_ITGA1,0.0
COL1A1_DDR2,0.0
COL1A1_CD44,0.0
COL1A1_ITGAV,0.0
COL1A1_ITGB1,0.0
COL1A1_ITGA11,0.0
COL1A1_TMPRSS6,0.0
COL1A1_ITGA2,0.0
COL1A1_DDR1,0.0
EFNB3_EPHB6,0.0
CCL13_CCR2,0.0
CCL13_CCR1,0.0
EFNB3_RHBDL2,0.0
CCL13_ACKR1,0.0
WNT3_LRP6,0.0
WNT3_ROR2,0.0
WNT3_FZD1,0.0
WNT3_FZD7,0.0
WNT3_FZD8,0.0
WNT3_FZD5,0.0
CCL2_CCR4,0.0
CCL2_CCR1,0.0
CCL2_CCR2,0.0
CCL2_CCR5,0.0
CCL2_CCR10,0.0
CCL2_CCR3,0.0
CCL2_ACKR1,0.0
CCL2_ACKR2,0.0
CCL2_ACKR4,0.0
CCL13_CXCR3,0.0
CCL13_CCR3,0.0
EFNB3_EPHB4,0.0
EFNB3_EPHB1,0.0
IFNG_IFNGR2,0.0
CXCL6_CXCR2,0.0
CXCL6_CXCR1,0.0
IL2_IL2RA,0.0
IL2_IL2RG,0.0
IL2_CD53,0.0
KITLG_KIT,0.0
CLEC2B_KLRF1,0.0
SELPLG_ITGAM,0.0
SELPLG_ESAM,0.0
SELPLG_SELL,0.0
SELPLG_SELP,0.0
SELPLG_SELE,0.0
SELPLG_ITGB2,0.0
IL23A_IL12RB1,0.0
IL23A_IL12RB2,0.0
IL23A_IL23R,0.0
IL26_IL10RB,0.0
IL26_IL20RA,0.0
CXCL6_GRM7,0.0
CXCL6_ACKR1,0.0
EFNB3_EPHB3,0.0
CXCL6_ADRA2A,0.0
EFNB3_EPHB2,0.0
EFNB3_EPHA4,0.0
VTN_ITGA5,0.0
VTN_ITGA8,0.0
VTN_CD47,0.0
VTN_ITGAV,0.0
VTN_ITGB1,0.0
VTN_KDR,0.0
VTN_PLAUR,0.0
VTN_ITGA2B,0.0
VTN_ITGB3,0.0
VTN_ITGB6,0.0
VTN_TNFRSF11B,0.0
VTN_PVR,0.0
VTN_ITGB5,0.0
IBSP_ITGB3,0.0
IBSP_ITGAV,0.0
INHBE_ACVR2B,0.0
LUM_ITGB1,0.0
DHH_PTCH1,0.0
NPB_GRM7,0.0
CALCA_TSHR,0.0
COL4A5_CD47,0.0
COL4A5_ITGB1,0.0
SLIT3_ROBO2,0.0
SLIT3_ROBO1,0.0
PMCH_GRM7,0.0
COL7A1_ITGB1,0.0
NPB_NPBWR2,0.0
BTLA_VTCN1,0.0
CLCF1_CNTFR,0.0
BTLA_TNFRSF14,0.0
BTLA_CD247,0.0
GHRL_PTGER3,0.0
GHRL_TBXA2R,0.0
HSP90AA1_ITGB3,0.0
HSP90AA1_FGFR3,0.0
FGG_ITGB1,0.0
FGG_ITGB3,0.0
CALCA_ADRB3,0.0
CALCA_GPR20,0.0
CALCA_CALCR,0.0
CALCA_GPR84,0.0
EFNA5_EPHB2,0.0
EFNA5_EPHA6,0.0
EFNA5_EPHA2,0.0
NXPH3_NRXN1,0.0
NXPH3_NRXN3,0.0
NPW_NPBWR2,0.0
NPW_GRM7,0.0
CTHRC1_FZD5,0.0
CTHRC1_FZD6,0.0
CTHRC1_FZD3,0.0
CNTN2_CNTNAP2,0.0
CNTN2_CNTN1,0.0
CNTN2_NRCAM,0.0
BCAN_NRCAM,0.0
FBLN1_ITGB1,0.0
CALCA_ADCYAP1R1,0.0
CALCA_CALCRL,0.0
FGG_ITGB2,0.0
FGG_TLR4,0.0
CXCL14_CXCR4,0.0
ICAM4_ITGAM,0.0
ICAM4_ITGA4,0.0
ICAM4_ITGB3,0.0
ICAM4_ITGB2,0.0
ICAM4_ITGB1,0.0
ICAM4_RHAG,0.0
TNFSF13_TNFRSF14,0.0
TNFSF13_FAS,0.0
HMGB1_SDC1,0.0
HMGB1_TLR9,0.0
HMGB1_THBD,0.0
HMGB1_TLR4,0.0
HMGB1_CXCR4,0.0
HMGB1_AGER,0.0
HMGB1_CD163,0.0
FYN_SPN,0.0
FN1_ITGA4,0.0
FN1_ITGB3,0.0
ICAM4_ITGAL,0.0
SLPI_PLSCR4,0.0
EDN3_EDNRB,0.0
COL9A3_MAG,0.0
EDN3_KEL,0.0
RTN4_TNFRSF19,0.0
RTN4_GJB2,0.0
RTN4_LINGO1,0.0
C1QTNF1_AVPR2,0.0
DMP1_PHEX,0.0
DMP1_ITGB3,0.0
NTN4_DCC,0.0
WNT7B_FZD4,0.0
WNT7B_TMED5,0.0
PTN_SDC1,0.0
PTN_SDC3,0.0
PTN_PTPRZ1,0.0
PTN_PTPRS,0.0
PTN_ALK,0.0
NCR3LG1_NCR3,0.0
COL9A3_ITGB1,0.0
EFNA5_EPHB1,0.0
EFNA5_EPHA5,0.0
EFNA5_EPHA3,0.0
GNAI2_LPAR3,0.0
GNAI2_EDNRA,0.0
GNAI2_ADORA1,0.0
GNAI2_C5AR1,0.0
GNAI2_F2R,0.0
GNAI2_FPR1,0.0
GNAI2_S1PR3,0.0
GNAI2_UNC5B,0.0
GNAI2_CAV1,0.0
GNAI2_PTPRU,0.0
GNAI2_TBXA2R,0.0
GNAI2_CXCR3,0.0
GNAI2_EDNRB,0.0
GNAI2_CXCR2,0.0
GNAI2_DRD2,0.0
GNAI2_ADCY7,0.0
GNAI2_TSHR,0.0
GNAI2_CNR1,0.0
GNAI2_S1PR5,0.0
GH1_PRLR,0.0
ANGPT2_TEK,0.0
GH1_GHR,0.0
CLCF1_IL6ST,0.0
LPL_CD44,0.0
LPL_SDC1,0.0
LPL_VLDLR,0.0
EFEMP2_AQP1,0.0
EFEMP2_PLSCR4,0.0
ADAM17_MUC1,0.0
ADAM17_ITGB1,0.0
ADAM17_RHBDF2,0.0
ADAM17_IL6R,0.0
ADAM17_MET,0.0
ADAM17_ERBB4,0.0
VEGFB_RET,0.0
FGF5_FGFR2,0.0
FGF5_FGFR1,0.0
FGF5_FGFR3,0.0
LEP_LEPR,0.0
ANGPT2_TIE1,0.0
TLN1_ITGB3,0.0
EFNA5_EPHA10,0.0
SEMA6D_PLXNA1,0.0
WNT11_MUSK,0.0
WNT11_KLRG2,0.0
FBN1_ITGB3,0.0
FBN1_ITGB1,0.0
PSEN1_NOTCH4,0.0
PSEN1_CD44,0.0
BGN_TLR4,0.0
BGN_TLR1,0.0
BMP8A_BMPR2,0.0
BMP8A_BMPR1A,0.0
BMP8A_BMPR1B,0.0
CSF1_SIRPA,0.0
IZUMO1_CD9,0.0
P4HB_MTTP,0.0
JAG2_NOTCH4,0.0
EFNA5_EPHB6,0.0
EFNA5_EPHA7,0.0
MTMR4_SMAD3,0.0
SEMA6D_TREM2,0.0
AGTRAP_RACK1,0.0
LAMA3_ITGB1,0.0
PKM_CD44,0.0
CALR_MPL,0.0
CALR_TSHR,0.0
TAC1_TACR2,0.0
LPA_ITGAM,0.0
LPA_LPAR3,0.0
LPA_ITGB2,0.0
LPA_LPAR1,0.0
LPA_LPAR4,0.0
LPA_LPAR2,0.0
FGF13_FGFR1,0.0
FGF13_SCN5A,0.0
FGF13_FGFR2,0.0
FGF13_FGFR3,0.0
FGF13_SCN8A,0.0
MMP1_CD44,0.0
PENK_GRM7,0.0
FN1_C5AR1,0.0
FN1_ITGA6,0.0
FN1_ITGA8,0.0
EFNA3_EPHA6,0.0
ADAM12_SDC4,0.0
S100A8_ITGB2,0.0
S100A8_TLR4,0.0
S100A8_CD36,0.0
S100A8_AGER,0.0
S100A12_TLR4,0.0
S100A12_CD36,0.0
S100A9_ITGB2,0.0
S100A9_TLR4,0.0
S100A9_CD36,0.0
S100A9_AGER,0.0
NGF_NTRK1,0.0
NGF_SORCS2,0.0
NGF_TRPV1,0.0
NGF_MAGED1,0.0
NGF_BEX3,0.0
NGF_SORCS3,0.0
ADAM12_ITGB1,0.0
EFNA3_EPHA5,0.0
L1CAM_FGFR2,0.0
EFNA3_EPHA10,0.0
VIP_GPR84,0.0
VIP_GPR20,0.0
VIP_TSHR,0.0
CFH_ITGAM,0.0
PTGS2_ALOX5,0.0
XCL1_ADGRV1,0.0
APOA2_LDLR,0.0
SEMA4A_PLXNB2,0.0
SEMA4A_PLXNB3,0.0
EFNA1_EPHB6,0.0
EFNA1_EPHA7,0.0
EFNA1_EPHA10,0.0
EFNA1_EPHA5,0.0
EFNA1_EPHB1,0.0
EFNA1_EPHA6,0.0
EFNA3_EPHB6,0.0
EFNA3_EPHA7,0.0
WNT2B_FZD4,0.0
L1CAM_EPHB2,0.0
C4BPA_CD40,0.0
SFTPD_SIRPA,0.0
MMP9_ITGAM,0.0
MMP9_RECK,0.0
MMP9_CD44,0.0
MMP9_ITGB2,0.0
MMP9_EPHB2,0.0
EDN2_EDNRB,0.0
COL9A2_ITGB1,0.0
COL9A2_MAG,0.0
PLAU_ITGAM,0.0
PLAU_VLDLR,0.0
PLAU_ITGB1,0.0
PLAU_ITGB2,0.0
BMP8B_BMPR2,0.0
BMP8B_BMPR1B,0.0
ANGPTL2_LILRB2,0.0
SEMA3F_PLXNA1,0.0
TNFSF15_TNFRSF25,0.0
SFTPD_TLR4,0.0
CEL_CXCR4,0.0
L1CAM_CNTN1,0.0
COL5A1_ITGB1,0.0
COL11A1_ITGB1,0.0
COL11A1_DDR1,0.0
CD40LG_ITGAM,0.0
CD40LG_CD40,0.0
CD40LG_ITGB2,0.0
CD40LG_TRAF3,0.0
BMP5_BMPR2,0.0
BMP5_BMPR1A,0.0
BMP5_BMPR1B,0.0
ITGB3BP_ITGB3,0.0
GNAS_CRHR1,0.0
GNAS_GLP1R,0.0
GNAS_GCGR,0.0
GNAS_ADCY7,0.0
GNAS_TSHR,0.0
ANGPTL3_ITGB3,0.0
RBP4_STRA6,0.0
VIP_ADCYAP1R1,0.0
C4BPA_BMPR2,0.0
FN1_DPP4,0.0
RSPO3_SDC4,0.0
ADAM15_ITGB1,0.0
ADAM15_ITGB3,0.0
CALM1_KCNQ3,0.0
CALM1_GRM3,0.0
CALM1_CALCR,0.0
CALM1_GRM4,0.0
CALM1_CRHR1,0.0
CALM1_GRM7,0.0
CALM1_MYLK,0.0
CALM1_PDE1A,0.0
CALM1_HMMR,0.0
CALM1_ADCYAP1R1,0.0
CALM1_RYR2,0.0
CALM1_GLP1R,0.0
CALM1_PDE1C,0.0
CALM1_TRPC3,0.0
CALM1_AQP6,0.0
RSPO3_FZD8,0.0
RSPO3_LGR4,0.0
CALM1_MYLK2,0.0
RSPO3_LGR6,0.0
FN1_CD44,0.0
FN1_ITGB1,0.0
FN1_TMPRSS6,0.0
FN1_COL13A1,0.0
FN1_TSHR,0.0
FN1_MAG,0.0
COL18A1_ITGB1,0.0
COL18A1_ITGB3,0.0
COL18A1_GPC4,0.0
HP_ITGAM,0.0
HP_ITGB2,0.0
HP_TLR4,0.0
HP_CD163,0.0
RSPO1_LGR6,0.0
RSPO1_LGR4,0.0
RSPO1_ZNRF3,0.0
RSPO1_FZD8,0.0
CALM1_PTPRA,0.0
CALM1_SCN4A,0.0
TGFB2_TGFBR1,0.0
COL6A1_ITGA6,0.0
TGM2_ITGB1,0.0
TGM2_ITGB3,0.0
TGM2_SDC4,0.0
TGM2_TBXA2R,0.0
TGM2_ADGRG1,0.0
CNTF_CNTFR,0.0
CNTF_IL6R,0.0
CNTF_IL6ST,0.0
AGT_AGTR1,0.0
DLL1_NOTCH4,0.0
THBS2_ITGA4,0.0
THBS2_ITGB1,0.0
THBS2_ITGB3,0.0
THBS2_NOTCH4,0.0
THBS2_ITGA6,0.0
THBS2_CD36,0.0
TGFB2_ENG,0.0
TGM2_ITGA4,0.0
COL6A1_ITGB1,0.0
COL9A1_ITGB1,0.0
CXCL9_CCR3,0.0
COL9A1_MAG,0.0
SEMA4F_NRP2,0.0
GAD1_GRM4,0.0
ITIH2_FCER1A,0.0
NLGN3_NRXN1,0.0
NLGN3_NRXN3,0.0
CCL20_CXCR3,0.0
CCL20_CCR6,0.0
FGF17_FGFR2,0.0
FGF17_FGFR1,0.0
F8_LDLR,0.0
COL4A2_ITGB3,0.0
LAMC3_ITGA6,0.0
LAMC3_ITGB1,0.0
CCL28_ACKR2,0.0
CCL28_CCR3,0.0
CXCL9_CXCR3,0.0
CLCF1_CRLF1,0.0
PLG_F3,0.0
DHH_HHIP,0.0
AGRP_MC5R,0.0
NODAL_ACVR2B,0.0
NODAL_SMAD3,0.0
NODAL_ACVR1B,0.0
WNT4_FZD8,0.0
WNT4_FZD2,0.0
WNT4_FZD6,0.0
ACE_BDKRB2,0.0
AGRP_MC4R,0.0
AGRP_SDC3,0.0
PLG_IGF2R,0.0
PIP_AQP5,0.0
CALM3_KCNQ3,0.0
CALM3_KCNQ5,0.0
CALM3_ESR1,0.0
CALM3_GRM7,0.0
CALM3_MYLK,0.0
CALM3_PDE1A,0.0
CALM3_INSR,0.0
GDF6_BMPR1B,0.0
GDF6_BMPR1A,0.0
GDF6_BMPR2,0.0
CXCL13_CXCR5,0.0
APP_FPR2,0.0
APP_GRM7,0.0
APP_LRP10,0.0
APP_PLD1,0.0
APP_TSPAN15,0.0
APP_DCC,0.0
APP_CAV1,0.0
APP_RPSA,0.0
APP_TNFRSF21,0.0
APP_NCSTN,0.0
APP_AGER,0.0
DKK2_KREMEN2,0.0
WIF1_RYK,0.0
ADAMTS3_CCBE1,0.0
CXCL13_CCR10,0.0
CXCL13_CXCR3,0.0
CXCL13_GRM7,0.0
CALM3_RYR2,0.0
CALM3_PDE1C,0.0
CALM3_GP6,0.0
WNT1_RYK,0.0
WNT1_LRP5,0.0
WNT1_FZD9,0.0
WNT1_FZD3,0.0
WNT1_FZD8,0.0
CXCL16_GRM7,0.0
CXCL16_CXCR6,0.0
TNFSF12_TNFRSF25,0.0
TNFSF12_TNFRSF12A,0.0
FGF11_FGFR2,0.0
FGF11_FGFR1,0.0
FGF11_FGFR3,0.0
NTN3_NEO1,0.0
NTN3_CDON,0.0
DRAXIN_DCC,0.0
VCAM1_ITGA4,0.0
VCAM1_ITGB1,0.0
VCAM1_ITGB2,0.0
WNT1_ROR2,0.0
SHANK1_ADGRL1,0.0
CALM3_AQP6,0.0
SHANK1_ADGRL2,0.0
CALM3_GRM5,0.0
CALM3_MYLK2,0.0
CALM3_AR,0.0
CALM3_AQP1,0.0
CALM3_SCN4A,0.0
TFF2_MUC6,0.0
S100B_ALCAM,0.0
S100B_AGER,0.0
S100A1_TRPM3,0.0
S100A1_RYR2,0.0
S100A1_RYR1,0.0
S100A1_TLR4,0.0
S100A1_AGER,0.0
SCGB3A1_MARCO,0.0
SHANK1_ADGRB2,0.0
SHANK1_ABCA1,0.0
SHANK1_SSTR2,0.0
APP_VLDLR,0.0
WNT3A_FZD6,0.0
WNT3A_FZD2,0.0
LEFTY1_ACVR1B,0.0
GDF7_BMPR2,0.0
GDF7_BMPR1A,0.0
CALM2_KCNQ3,0.0
CALM2_EGFR,0.0
CALM2_KCNQ5,0.0
CALM2_GRM7,0.0
CALM2_MYLK,0.0
CALM2_PDE1A,0.0
CALM2_INSR,0.0
CALM2_ADCY8,0.0
CALM2_PDE1C,0.0
CALM2_GP6,0.0
CALM2_PLPP6,0.0
CALM2_AQP6,0.0
CALM2_GRM5,0.0
CALM2_MYLK2,0.0
CALM2_AQP1,0.0
REN_ATP6AP2,0.0
LEFTY1_ACVR2B,0.0
LRIG1_EGFR,0.0
CGN_TGFBR1,0.0
DHH_BOC,0.0
DHH_CDON,0.0
DHH_PTCH2,0.0
NPFF_NPFFR1,0.0
NPFF_NPFFR2,0.0
FGF7_FGFR2,0.0
FGF7_FGFR4,0.0
FGF7_FGFR1,0.0
FGF7_FGFR3,0.0
HDC_HRH1,0.0
HDC_HRH2,0.0
HDC_HRH3,0.0
MFGE8_ITGB3,0.0
IGFBP4_FZD8,0.0
CGN_F11R,0.0
CGN_TGFBR2,0.0
CGN_OCLN,0.0
CALM2_SCN4A,0.0
LRIG1_MET,0.0
WNT3A_FZD8,0.0
PIGF_FLT1,0.0
BMP3_ACVR2B,0.0
BMP3_BMPR2,0.0
BMP3_BMPR1A,0.0
BMP3_BMPR1B,0.0
BMP6_BMPR2,0.0
BMP6_BMPR1A,0.0
BMP6_BMPR1B,0.0
SEMA3D_PLXND1,0.0
WNT3A_LRP5,0.0
WNT3A_FZD5,0.0
WNT3A_ROR1,0.0
WNT3A_ATP6AP2,0.0
WNT3A_APCDD1,0.0
WNT3A_RYK,0.0
WNT3A_FZD1,0.0
WNT3A_FZD7,0.0
WNT3A_FZD3,0.0
TNFSF4_TNFRSF4,0.0
QDPR_DYSF,0.0
UCN2_IL10RB,0.0
IL18_IL18BP,0.0
UCN2_CRHR2,0.0
UCN2_CRHR1,0.0
SFRP2_FZD5,0.0
MEGF10_ABCA1,0.0
FGF18_FGFR2,0.0
FGF18_FGFR4,0.0
FGF18_FGFR1,0.0
FGF18_FGFR3,0.0
LIN7C_ABCA1,0.0
LIN7C_KCNJ4,0.0
SERPING1_SELE,0.0
GPHA2_EPHA6,0.0
GPHA2_TSHR,0.0
CTF1_IL6ST,0.0
IL18_CD48,0.0
IL18_IL18R1,0.0
IL18_IL1RAPL1,0.0
VCAM1_EZR,0.0
VCAM1_MSN,0.0
VCAM1_ITGAD,0.0
CD14_ITGA4,0.0
CD14_TLR6,0.0
CD14_TLR9,0.0
CD14_ITGB2,0.0
CD14_TLR4,0.0
CD14_TLR1,0.0
COL3A1_DDR2,0.0
COL3A1_ITGB1,0.0
COL3A1_MAG,0.0
COL3A1_DDR1,0.0
IL13_IL13RA2,0.0
IL13_TMEM219,0.0
IL13_IL2RG,0.0
IL13_IL13RA1,0.0
IL13_IL4R,0.0
NLGN2_NRXN1,0.0
NLGN2_NRXN3,0.0
NLGN2_MDGA1,0.0
CD14_ITGB1,0.0
TRH_TRHR,0.0
CXCL10_SDC4,0.0
IL12A_CD28,0.0
NRTN_RET,0.0
NRTN_GFRA2,0.0
NRTN_GFRA1,0.0
IGF1_INSR,0.0
IGF1_IGF2R,0.0
IL16_GRIN2B,0.0
IL16_KCNJ4,0.0
IL16_KCNJ15,0.0
IL16_KCNA3,0.0
IL16_KCNJ10,0.0
IL16_KCND2,0.0
IL16_GRIN2A,0.0
HSPA4_TLR4,0.0
PCSK9_VLDLR,0.0
PCSK9_LDLR,0.0
SEMA3E_PLXND1,0.0
IL12A_IL12RB1,0.0
CXCL10_DPP4,0.0
CXCL10_CXCR3,0.0
CCL11_ACKR1,0.0
NPTX1_NPTXR,0.0
RGMB_NEO1,0.0
RGMB_BMPR1B,0.0
F2_F2R,0.0
F2_THBD,0.0
F2_GP1BA,0.0
INHBC_ACVR2B,0.0
INHBC_ACVR1B,0.0
CCL19_CCR10,0.0
CCL19_CXCR3,0.0
CCL19_GRM7,0.0
CCL19_ACKR2,0.0
CCL19_CCRL2,0.0
PLG_ITGAM,0.0
PLG_ITGB1,0.0
PLG_PLAUR,0.0
PLG_ITGB2,0.0
PLG_F2R,0.0
RGMB_BMPR2,0.0
HAS2_CD44,0.0
CXCL10_CCR3,0.0
HAS2_HMMR,0.0
CXCL10_GRM7,0.0
BMP1_BMPR2,0.0
BMP1_BMPR1A,0.0
BMP1_BMPR1B,0.0
CXCL8_SDC1,0.0
CXCL8_SDC3,0.0
CXCL8_SDC2,0.0
CXCL8_ACKR1,0.0
CXCL8_CXCR2,0.0
CXCL8_GRM7,0.0
SEMA4C_PLXNB2,0.0
CXCL11_DPP4,0.0
CXCL11_CXCR3,0.0
CXCL11_CCR3,0.0
CXCL11_ACKR1,0.0
CXCL11_GRM7,0.0
PRND_RPSA,0.0
CCL11_ACKR2,0.0
CCL11_DPP4,0.0
ARPC5_ADRB2,0.0
PPBP_CXCR2,0.0
PF4_CXCR3,0.0
PF4_FGFR2,0.0
PF4_SDC2,0.0
PF4_ACKR1,0.0
PF4_GRM7,0.0
PF4_LDLR,0.0
PF4_THBD,0.0
UCN_CRHR1,0.0
UCN_CRHR2,0.0
LIPH_LPAR1,0.0
LIPH_LPAR4,0.0
LIPH_LPAR2,0.0
MELTF_TFRC,0.0
CAMP_P2RX7,0.0
CAMP_FPR2,0.0
IL15_IL15RA,0.0
IL15_IL2RA,0.0
PPBP_GRM7,0.0
PPBP_ACKR1,0.0
SCGB3A2_MARCO,0.0
CXCL5_GRM7,0.0
ARPC5_LDLR,0.0
INHBB_ACVR2B,0.0
INHBB_SMAD3,0.0
INHBB_ACVR1B,0.0
TGFA_ERBB4,0.0
COL6A3_ITGB1,0.0
COL6A3_ITGA2,0.0
PROK2_PROKR1,0.0
IHH_PTCH1,0.0
IHH_HHIP,0.0
IHH_BOC,0.0
IHH_CDON,0.0
IHH_PTCH2,0.0
CXCL3_CXCR2,0.0
CXCL3_GRM7,0.0
CXCL5_ACKR1,0.0
CXCL5_CXCR2,0.0
IL15_IL2RG,0.0
CSF2_ITGB1,0.0
CCL11_CCR3,0.0
VEGFD_ITGA4,0.0
VEGFD_NRP2,0.0
ARF6_PLD1,0.0
ARF6_SMAP1,0.0
JAM3_ITGB1,0.0
JAM3_ITGB2,0.0
HSP90B1_TLR9,0.0
HSP90B1_TLR7,0.0
HSP90B1_TLR4,0.0
HSP90B1_TLR1,0.0
COL6A2_ITGB1,0.0
ANGPTL4_TIE1,0.0
FADD_ABCA1,0.0
FADD_TRADD,0.0
PNOC_GRM7,0.0
PNOC_OPRL1,0.0
PRL_PRLR,0.0
CCL11_CXCR3,0.0
VEGFD_ITGB1,0.0
COL14A1_CD44,0.0
CSF2_CSF2RB,0.0
DEFB1_CCR6,0.0
CSF2_CSF2RA,0.0
CSF2_IL3RA,0.0
CSF2_SDC2,0.0
CSF2_CSF3R,0.0
FABP5_RXRA,0.0
SHH_SCUBE2,0.0
SHH_BOC,0.0
SHH_GPC5,0.0
SHH_CDON,0.0
SHH_GAS1,0.0
SHH_PTCH1,0.0
SHH_PTCH2,0.0
COL1A2_CD44,0.0
COL1A2_ITGB1,0.0
COL1A2_ITGA11,0.0
COL1A2_ITGB3,0.0
COL1A2_CD36,0.0
VEGFA_GRIN2B,0.0
